family,param,value,n_rows,source,engine_version,numerics
bare_c325,qc_rate,0.0368788,8,result_N60_TM_avg_C325_Ybox8p0_Zbox8p8.mat (+7),2026R1.3-b4572,"y8.0/z8.8 box, 20nm/4001pts, dx50 conformal, ASL 1e-7"
bare_c325,qc_lnQ0,3.80889,8,result_N60_TM_avg_C325_Ybox8p0_Zbox8p8.mat (+7),2026R1.3-b4572,"y8.0/z8.8 box, 20nm/4001pts, dx50 conformal, ASL 1e-7"
bare_c325,qi_p,3.15462,8,result_N60_TM_avg_C325_Ybox8p0_Zbox8p8.mat (+7),2026R1.3-b4572,"y8.0/z8.8 box, 20nm/4001pts, dx50 conformal, ASL 1e-7"
bare_c325,qi_lnA,-2.11594,8,result_N60_TM_avg_C325_Ybox8p0_Zbox8p8.mat (+7),2026R1.3-b4572,"y8.0/z8.8 box, 20nm/4001pts, dx50 conformal, ASL 1e-7"
bare_c325,qi_sat,47917.5,8,result_N60_TM_avg_C325_Ybox8p0_Zbox8p8.mat (+7),2026R1.3-b4572,"y8.0/z8.8 box, 20nm/4001pts, dx50 conformal, ASL 1e-7"
bare_c325,n_lo,60,8,result_N60_TM_avg_C325_Ybox8p0_Zbox8p8.mat (+7),2026R1.3-b4572,"y8.0/z8.8 box, 20nm/4001pts, dx50 conformal, ASL 1e-7"
bare_c325,n_hi,195,8,result_N60_TM_avg_C325_Ybox8p0_Zbox8p8.mat (+7),2026R1.3-b4572,"y8.0/z8.8 box, 20nm/4001pts, dx50 conformal, ASL 1e-7"
bare_c325,lam_nm,1559.01,8,result_N60_TM_avg_C325_Ybox8p0_Zbox8p8.mat (+7),2026R1.3-b4572,"y8.0/z8.8 box, 20nm/4001pts, dx50 conformal, ASL 1e-7"
bare_c325,w_Finf,20.0595,8,result_N60_TM_avg_C325_Ybox8p0_Zbox8p8.mat (+7),2026R1.3-b4572,"y8.0/z8.8 box, 20nm/4001pts, dx50 conformal, ASL 1e-7"
bare_c325,w_B,25.5407,8,result_N60_TM_avg_C325_Ybox8p0_Zbox8p8.mat (+7),2026R1.3-b4572,"y8.0/z8.8 box, 20nm/4001pts, dx50 conformal, ASL 1e-7"
bare_c325,w_c,0.0342882,8,result_N60_TM_avg_C325_Ybox8p0_Zbox8p8.mat (+7),2026R1.3-b4572,"y8.0/z8.8 box, 20nm/4001pts, dx50 conformal, ASL 1e-7"
bare_c276,qc_rate,0.0309101,5,result_N110_TM_avg_C276_Ybox8p0_Zbox8p8.mat (+4),2026R1.3-b4572,"y8.0/z8.8 box, 20nm/4001pts, dx50 conformal, ASL 1e-7"
bare_c276,qc_lnQ0,3.98753,5,result_N110_TM_avg_C276_Ybox8p0_Zbox8p8.mat (+4),2026R1.3-b4572,"y8.0/z8.8 box, 20nm/4001pts, dx50 conformal, ASL 1e-7"
bare_c276,qi_p,3.70814,5,result_N110_TM_avg_C276_Ybox8p0_Zbox8p8.mat (+4),2026R1.3-b4572,"y8.0/z8.8 box, 20nm/4001pts, dx50 conformal, ASL 1e-7"
bare_c276,qi_lnA,-5.16371,5,result_N110_TM_avg_C276_Ybox8p0_Zbox8p8.mat (+4),2026R1.3-b4572,"y8.0/z8.8 box, 20nm/4001pts, dx50 conformal, ASL 1e-7"
bare_c276,qi_sat,82035,5,result_N110_TM_avg_C276_Ybox8p0_Zbox8p8.mat (+4),2026R1.3-b4572,"y8.0/z8.8 box, 20nm/4001pts, dx50 conformal, ASL 1e-7"
bare_c276,n_lo,110,5,result_N110_TM_avg_C276_Ybox8p0_Zbox8p8.mat (+4),2026R1.3-b4572,"y8.0/z8.8 box, 20nm/4001pts, dx50 conformal, ASL 1e-7"
bare_c276,n_hi,165,5,result_N110_TM_avg_C276_Ybox8p0_Zbox8p8.mat (+4),2026R1.3-b4572,"y8.0/z8.8 box, 20nm/4001pts, dx50 conformal, ASL 1e-7"
bare_c276,lam_nm,1559.93,5,result_N110_TM_avg_C276_Ybox8p0_Zbox8p8.mat (+4),2026R1.3-b4572,"y8.0/z8.8 box, 20nm/4001pts, dx50 conformal, ASL 1e-7"
bare_c276,w_Finf,24.0499,5,result_N110_TM_avg_C276_Ybox8p0_Zbox8p8.mat (+4),2026R1.3-b4572,"y8.0/z8.8 box, 20nm/4001pts, dx50 conformal, ASL 1e-7"
bare_c276,w_B,25.3405,5,result_N110_TM_avg_C276_Ybox8p0_Zbox8p8.mat (+4),2026R1.3-b4572,"y8.0/z8.8 box, 20nm/4001pts, dx50 conformal, ASL 1e-7"
bare_c276,w_c,0.0270992,5,result_N110_TM_avg_C276_Ybox8p0_Zbox8p8.mat (+4),2026R1.3-b4572,"y8.0/z8.8 box, 20nm/4001pts, dx50 conformal, ASL 1e-7"
trench_c325,qc_rate,0.0360799,6,result_N165_TM_avg_C325_Ybox8p0_Zbox8p8_scRECT_L173000xW800_X0_Y1800_pair_hole_H12000.mat (+5),2026R1.3-b4572,"y8.0/z8.8 box, 20nm/4001pts, dx50 conformal, ASL 1e-7"
trench_c325,qc_lnQ0,4.05096,6,result_N165_TM_avg_C325_Ybox8p0_Zbox8p8_scRECT_L173000xW800_X0_Y1800_pair_hole_H12000.mat (+5),2026R1.3-b4572,"y8.0/z8.8 box, 20nm/4001pts, dx50 conformal, ASL 1e-7"
trench_c325,qi_p,-0.144598,6,result_N165_TM_avg_C325_Ybox8p0_Zbox8p8_scRECT_L173000xW800_X0_Y1800_pair_hole_H12000.mat (+5),2026R1.3-b4572,"y8.0/z8.8 box, 20nm/4001pts, dx50 conformal, ASL 1e-7"
trench_c325,qi_lnA,11.816,6,result_N165_TM_avg_C325_Ybox8p0_Zbox8p8_scRECT_L173000xW800_X0_Y1800_pair_hole_H12000.mat (+5),2026R1.3-b4572,"y8.0/z8.8 box, 20nm/4001pts, dx50 conformal, ASL 1e-7"
trench_c325,qi_sat,nan,6,result_N165_TM_avg_C325_Ybox8p0_Zbox8p8_scRECT_L173000xW800_X0_Y1800_pair_hole_H12000.mat (+5),2026R1.3-b4572,"y8.0/z8.8 box, 20nm/4001pts, dx50 conformal, ASL 1e-7"
trench_c325,n_lo,165,6,result_N165_TM_avg_C325_Ybox8p0_Zbox8p8_scRECT_L173000xW800_X0_Y1800_pair_hole_H12000.mat (+5),2026R1.3-b4572,"y8.0/z8.8 box, 20nm/4001pts, dx50 conformal, ASL 1e-7"
trench_c325,n_hi,225,6,result_N165_TM_avg_C325_Ybox8p0_Zbox8p8_scRECT_L173000xW800_X0_Y1800_pair_hole_H12000.mat (+5),2026R1.3-b4572,"y8.0/z8.8 box, 20nm/4001pts, dx50 conformal, ASL 1e-7"
trench_c325,lam_nm,1558.27,6,result_N165_TM_avg_C325_Ybox8p0_Zbox8p8_scRECT_L173000xW800_X0_Y1800_pair_hole_H12000.mat (+5),2026R1.3-b4572,"y8.0/z8.8 box, 20nm/4001pts, dx50 conformal, ASL 1e-7"
trench_c325,w_Finf,19.6139,6,result_N165_TM_avg_C325_Ybox8p0_Zbox8p8_scRECT_L173000xW800_X0_Y1800_pair_hole_H12000.mat (+5),2026R1.3-b4572,"y8.0/z8.8 box, 20nm/4001pts, dx50 conformal, ASL 1e-7"
trench_c325,w_B,48.1223,6,result_N165_TM_avg_C325_Ybox8p0_Zbox8p8_scRECT_L173000xW800_X0_Y1800_pair_hole_H12000.mat (+5),2026R1.3-b4572,"y8.0/z8.8 box, 20nm/4001pts, dx50 conformal, ASL 1e-7"
trench_c325,w_c,0.0405569,6,result_N165_TM_avg_C325_Ybox8p0_Zbox8p8_scRECT_L173000xW800_X0_Y1800_pair_hole_H12000.mat (+5),2026R1.3-b4572,"y8.0/z8.8 box, 20nm/4001pts, dx50 conformal, ASL 1e-7"
invdesign,qc_rate,0.035398,5,result_N100_TM_W961_C325_dsh25S66s3_ptw25W964to981_ptn25W640to620_Ybox8p0_Zbox8p8_scR80_arr57_X-14467to15269_Y1900to1900_C325_pair.mat (+4),2026R1.3-b4572,"y8.0/z8.8 box, 20nm/4001pts, dx50 conformal, ASL 1e-7"
invdesign,qc_lnQ0,3.98377,5,result_N100_TM_W961_C325_dsh25S66s3_ptw25W964to981_ptn25W640to620_Ybox8p0_Zbox8p8_scR80_arr57_X-14467to15269_Y1900to1900_C325_pair.mat (+4),2026R1.3-b4572,"y8.0/z8.8 box, 20nm/4001pts, dx50 conformal, ASL 1e-7"
invdesign,qi_p,3.29861,5,result_N100_TM_W961_C325_dsh25S66s3_ptw25W964to981_ptn25W640to620_Ybox8p0_Zbox8p8_scR80_arr57_X-14467to15269_Y1900to1900_C325_pair.mat (+4),2026R1.3-b4572,"y8.0/z8.8 box, 20nm/4001pts, dx50 conformal, ASL 1e-7"
invdesign,qi_lnA,-2.93227,5,result_N100_TM_W961_C325_dsh25S66s3_ptw25W964to981_ptn25W640to620_Ybox8p0_Zbox8p8_scR80_arr57_X-14467to15269_Y1900to1900_C325_pair.mat (+4),2026R1.3-b4572,"y8.0/z8.8 box, 20nm/4001pts, dx50 conformal, ASL 1e-7"
invdesign,qi_sat,341344,5,result_N100_TM_W961_C325_dsh25S66s3_ptw25W964to981_ptn25W640to620_Ybox8p0_Zbox8p8_scR80_arr57_X-14467to15269_Y1900to1900_C325_pair.mat (+4),2026R1.3-b4572,"y8.0/z8.8 box, 20nm/4001pts, dx50 conformal, ASL 1e-7"
invdesign,n_lo,100,5,result_N100_TM_W961_C325_dsh25S66s3_ptw25W964to981_ptn25W640to620_Ybox8p0_Zbox8p8_scR80_arr57_X-14467to15269_Y1900to1900_C325_pair.mat (+4),2026R1.3-b4572,"y8.0/z8.8 box, 20nm/4001pts, dx50 conformal, ASL 1e-7"
invdesign,n_hi,220,5,result_N100_TM_W961_C325_dsh25S66s3_ptw25W964to981_ptn25W640to620_Ybox8p0_Zbox8p8_scR80_arr57_X-14467to15269_Y1900to1900_C325_pair.mat (+4),2026R1.3-b4572,"y8.0/z8.8 box, 20nm/4001pts, dx50 conformal, ASL 1e-7"
invdesign,lam_nm,1560.87,5,result_N100_TM_W961_C325_dsh25S66s3_ptw25W964to981_ptn25W640to620_Ybox8p0_Zbox8p8_scR80_arr57_X-14467to15269_Y1900to1900_C325_pair.mat (+4),2026R1.3-b4572,"y8.0/z8.8 box, 20nm/4001pts, dx50 conformal, ASL 1e-7"
invdesign,w_Finf,19.9169,5,result_N100_TM_W961_C325_dsh25S66s3_ptw25W964to981_ptn25W640to620_Ybox8p0_Zbox8p8_scR80_arr57_X-14467to15269_Y1900to1900_C325_pair.mat (+4),2026R1.3-b4572,"y8.0/z8.8 box, 20nm/4001pts, dx50 conformal, ASL 1e-7"
invdesign,w_B,26.5778,5,result_N100_TM_W961_C325_dsh25S66s3_ptw25W964to981_ptn25W640to620_Ybox8p0_Zbox8p8_scR80_arr57_X-14467to15269_Y1900to1900_C325_pair.mat (+4),2026R1.3-b4572,"y8.0/z8.8 box, 20nm/4001pts, dx50 conformal, ASL 1e-7"
invdesign,w_c,0.0357313,5,result_N100_TM_W961_C325_dsh25S66s3_ptw25W964to981_ptn25W640to620_Ybox8p0_Zbox8p8_scR80_arr57_X-14467to15269_Y1900to1900_C325_pair.mat (+4),2026R1.3-b4572,"y8.0/z8.8 box, 20nm/4001pts, dx50 conformal, ASL 1e-7"
itai_tm,qc_rate,0.0312597,5,itai_hh_summary.csv (+4),2026R1.3-b4572,"y8.0/z8.8 box, 20nm/4001pts, dx50 conformal, ASL 1e-7"
itai_tm,qc_lnQ0,4.85877,5,itai_hh_summary.csv (+4),2026R1.3-b4572,"y8.0/z8.8 box, 20nm/4001pts, dx50 conformal, ASL 1e-7"
itai_tm,qi_p,4.38636,5,itai_hh_summary.csv (+4),2026R1.3-b4572,"y8.0/z8.8 box, 20nm/4001pts, dx50 conformal, ASL 1e-7"
itai_tm,qi_lnA,-6.80234,5,itai_hh_summary.csv (+4),2026R1.3-b4572,"y8.0/z8.8 box, 20nm/4001pts, dx50 conformal, ASL 1e-7"
itai_tm,qi_sat,125937,5,itai_hh_summary.csv (+4),2026R1.3-b4572,"y8.0/z8.8 box, 20nm/4001pts, dx50 conformal, ASL 1e-7"
itai_tm,n_lo,98,5,itai_hh_summary.csv (+4),2026R1.3-b4572,"y8.0/z8.8 box, 20nm/4001pts, dx50 conformal, ASL 1e-7"
itai_tm,n_hi,189,5,itai_hh_summary.csv (+4),2026R1.3-b4572,"y8.0/z8.8 box, 20nm/4001pts, dx50 conformal, ASL 1e-7"
itai_tm,lam_nm,nan,5,itai_hh_summary.csv (+4),2026R1.3-b4572,"y8.0/z8.8 box, 20nm/4001pts, dx50 conformal, ASL 1e-7"
itai_tm,w_Finf,20.3709,5,itai_hh_summary.csv (+4),2026R1.3-b4572,"y8.0/z8.8 box, 20nm/4001pts, dx50 conformal, ASL 1e-7"
itai_tm,w_B,5.73422,5,itai_hh_summary.csv (+4),2026R1.3-b4572,"y8.0/z8.8 box, 20nm/4001pts, dx50 conformal, ASL 1e-7"
itai_tm,w_c,0.0311141,5,itai_hh_summary.csv (+4),2026R1.3-b4572,"y8.0/z8.8 box, 20nm/4001pts, dx50 conformal, ASL 1e-7"
itai_te,qc_rate,0.028079,5,itai_hh_summary.csv (+4),2026R1.3-b4572,"y8.0/z8.8 box, 20nm/4001pts, dx50 conformal, ASL 1e-7"
itai_te,qc_lnQ0,5.41657,5,itai_hh_summary.csv (+4),2026R1.3-b4572,"y8.0/z8.8 box, 20nm/4001pts, dx50 conformal, ASL 1e-7"
itai_te,qi_p,2.92335,5,itai_hh_summary.csv (+4),2026R1.3-b4572,"y8.0/z8.8 box, 20nm/4001pts, dx50 conformal, ASL 1e-7"
itai_te,qi_lnA,0.490343,5,itai_hh_summary.csv (+4),2026R1.3-b4572,"y8.0/z8.8 box, 20nm/4001pts, dx50 conformal, ASL 1e-7"
itai_te,qi_sat,716900,5,itai_hh_summary.csv (+4),2026R1.3-b4572,"y8.0/z8.8 box, 20nm/4001pts, dx50 conformal, ASL 1e-7"
itai_te,n_lo,98,5,itai_hh_summary.csv (+4),2026R1.3-b4572,"y8.0/z8.8 box, 20nm/4001pts, dx50 conformal, ASL 1e-7"
itai_te,n_hi,195,5,itai_hh_summary.csv (+4),2026R1.3-b4572,"y8.0/z8.8 box, 20nm/4001pts, dx50 conformal, ASL 1e-7"
itai_te,lam_nm,nan,5,itai_hh_summary.csv (+4),2026R1.3-b4572,"y8.0/z8.8 box, 20nm/4001pts, dx50 conformal, ASL 1e-7"
itai_te,w_Finf,19.8728,5,itai_hh_summary.csv (+4),2026R1.3-b4572,"y8.0/z8.8 box, 20nm/4001pts, dx50 conformal, ASL 1e-7"
itai_te,w_B,2.75776,5,itai_hh_summary.csv (+4),2026R1.3-b4572,"y8.0/z8.8 box, 20nm/4001pts, dx50 conformal, ASL 1e-7"
itai_te,w_c,0.0275811,5,itai_hh_summary.csv (+4),2026R1.3-b4572,"y8.0/z8.8 box, 20nm/4001pts, dx50 conformal, ASL 1e-7"
